0,examples/gridphysics/racebet.txt
1,examples/gridphysics/lemmings.txt
2,examples/gridphysics/gymkhana.txt
3,examples/gridphysics/waves.txt
4,examples/gridphysics/labyrinth.txt
5,examples/gridphysics/camelRace.txt
6,examples/contphysics/ptsp.txt
7,examples/gridphysics/defem.txt
8,examples/gridphysics/avoidgeorge.txt
9,examples/gridphysics/pacoban.txt
10,examples/gridphysics/overload.txt
11,examples/gridphysics/doorkoban.txt
12,examples/gridphysics/boulderdash.txt
13,examples/gridphysics/glow.txt
14,examples/gridphysics/towerdefense.txt
15,examples/gridphysics/painter.txt
16,examples/gridphysics/vortex.txt
17,examples/gridphysics/cakybaky.txt
18,examples/gridphysics/pokemon.txt
19,examples/gridphysics/grow.txt
20,examples/gridphysics/chase.txt
21,examples/gridphysics/escape.txt
22,examples/contphysics/artillery.txt
23,examples/contphysics/racing.txt
24,examples/gridphysics/jaws.txt
25,examples/gridphysics/sheriff.txt
26,examples/gridphysics/tercio.txt
27,examples/gridphysics/wildgunman.txt
28,examples/gridphysics/zelda.txt
29,examples/contphysics/mario.txt
30,examples/gridphysics/freeway.txt
31,examples/gridphysics/digdug.txt
32,examples/gridphysics/labyrinthdual.txt
33,examples/gridphysics/shipwreck.txt
34,examples/gridphysics/bomberman.txt
35,examples/contphysics/lander.txt
36,examples/gridphysics/lasers.txt
37,examples/contphysics/pong.txt
38,examples/gridphysics/firestorms.txt
39,examples/gridphysics/superman.txt
40,examples/gridphysics/bait.txt
41,examples/gridphysics/killBillVol1.txt
42,examples/gridphysics/clusters.txt
43,examples/contphysics/bubble.txt
44,examples/gridphysics/chipschallenge.txt
45,examples/gridphysics/solarfox.txt
46,examples/gridphysics/enemycitadel.txt
47,examples/gridphysics/boloadventures.txt
48,examples/gridphysics/boulderchase.txt
49,examples/gridphysics/beltmanager.txt
50,examples/gridphysics/colourescape.txt
51,examples/contphysics/asteroids.txt
52,examples/gridphysics/seaquest.txt
53,examples/gridphysics/realportals.txt
54,examples/gridphysics/chainreaction.txt
55,examples/gridphysics/brainman.txt
56,examples/gridphysics/x-racer.txt
57,examples/contphysics/candy.txt
58,examples/gridphysics/frogs.txt
59,examples/gridphysics/plants.txt
60,examples/gridphysics/wrapsokoban.txt
61,examples/gridphysics/intersection.txt
62,examples/gridphysics/dungeon.txt
63,examples/gridphysics/thesnowman.txt
64,examples/gridphysics/firecaster.txt
65,examples/gridphysics/angelsdemons.txt
66,examples/gridphysics/fireman.txt
67,examples/gridphysics/factorymanager.txt
68,examples/gridphysics/infection.txt
69,examples/gridphysics/lasers2.txt
70,examples/gridphysics/ghostbuster.txt
71,examples/gridphysics/surround.txt
72,examples/gridphysics/cops.txt
73,examples/gridphysics/roguelike.txt
74,examples/gridphysics/assemblyline.txt
75,examples/gridphysics/waitforbreakfast.txt
76,examples/gridphysics/portals.txt
77,examples/gridphysics/explore.txt
78,examples/gridphysics/cookmepasta.txt
79,examples/gridphysics/circuit.txt
80,examples/gridphysics/link.txt
81,examples/gridphysics/garbagecollector.txt
82,examples/gridphysics/aliens.txt
83,examples/gridphysics/modality.txt
84,examples/gridphysics/sokoban.txt
85,examples/gridphysics/ikaruga.txt
86,examples/gridphysics/survivezombies.txt
87,examples/gridphysics/whackamole.txt
88,examples/gridphysics/eighthpassenger.txt
89,examples/gridphysics/iceandfire.txt
90,examples/gridphysics/catapults.txt
91,examples/gridphysics/hungrybirds.txt
92,examples/gridphysics/donkeykong.txt
93,examples/gridphysics/run.txt
94,examples/gridphysics/rivers.txt
95,examples/gridphysics/themole.txt
96,examples/gridphysics/crossfire.txt
97,examples/contphysics/arkanoid.txt
98,examples/gridphysics/butterflies.txt
99,examples/gridphysics/chopper.txt
100,examples/gridphysics/watergame.txt
101,examples/contphysics/bird.txt
102,examples/gridphysics/realsokoban.txt
103,examples/gridphysics/deflection.txt
104,examples/gridphysics/slide.txt
105,examples/contphysics/jumper.txt
106,examples/gridphysics/missilecommand.txt
107,examples/gridphysics/plaqueattack.txt
108,examples/gridphysics/thecitadel.txt
109,examples/gridphysics/theshepherd.txt
110,examples/gridphysics/witnessprotected.txt
111,examples/gridphysics/zenpuzzle.txt
112,examples/gridphysics/eggomania.txt
113,examples/gridphysics/mirrors.txt
114,examples/gridphysics/defender.txt
115,examples/gridphysics/blacksmoke.txt
116,examples/gridphysics/bomber.txt
117,examples/gridphysics/pacman.txt
118,examples/gridphysics/racebet2.txt
119,examples/gridphysics/roadfighter.txt
120,examples/gridphysics/witnessprotection.txt
121,examples/gridphysics/islands.txt
