0,examples/gridphysics/solarfox.txt
1,examples/gridphysics/missilecommand.txt
2,examples/gridphysics/plants.txt
3,examples/gridphysics/realportals.txt
4,examples/gridphysics/doorkoban.txt
5,examples/gridphysics/blacksmoke.txt
6,examples/gridphysics/hungrybirds.txt
7,examples/gridphysics/pacman.txt
8,examples/gridphysics/witnessprotected.txt
9,examples/gridphysics/cookmepasta.txt
10,examples/gridphysics/theshepherd.txt
11,examples/gridphysics/roadfighter.txt
12,examples/gridphysics/cops.txt
13,examples/gridphysics/glow.txt
14,examples/gridphysics/witnessprotection.txt
15,examples/gridphysics/firecaster.txt
16,examples/gridphysics/crossfire.txt
17,examples/gridphysics/killBillVol1.txt
18,examples/contphysics/pong.txt
19,examples/gridphysics/ikaruga.txt
20,examples/gridphysics/grow.txt
21,examples/gridphysics/butterflies.txt
22,examples/gridphysics/beltmanager.txt
23,examples/gridphysics/boulderchase.txt
24,examples/gridphysics/deflection.txt
25,examples/gridphysics/wildgunman.txt
26,examples/gridphysics/zelda.txt
27,examples/gridphysics/boulderdash.txt
28,examples/gridphysics/boloadventures.txt
29,examples/gridphysics/painter.txt
30,examples/gridphysics/sokoban.txt
31,examples/contphysics/candy.txt
32,examples/gridphysics/tercio.txt
33,examples/gridphysics/clusters.txt
34,examples/gridphysics/roguelike.txt
35,examples/gridphysics/bomberman.txt
36,examples/contphysics/lander.txt
37,examples/gridphysics/iceandfire.txt
38,examples/gridphysics/colourescape.txt
39,examples/gridphysics/freeway.txt
40,examples/gridphysics/whackamole.txt
41,examples/contphysics/jumper.txt
42,examples/gridphysics/catapults.txt
43,examples/gridphysics/chainreaction.txt
44,examples/gridphysics/realsokoban.txt
45,examples/gridphysics/rivers.txt
46,examples/contphysics/artillery.txt
47,examples/gridphysics/assemblyline.txt
48,examples/gridphysics/angelsdemons.txt
49,examples/gridphysics/jaws.txt
50,examples/gridphysics/racebet2.txt
51,examples/gridphysics/cakybaky.txt
52,examples/gridphysics/explore.txt
53,examples/gridphysics/bait.txt
54,examples/gridphysics/watergame.txt
55,examples/gridphysics/waitforbreakfast.txt
56,examples/gridphysics/lasers.txt
57,examples/gridphysics/superman.txt
58,examples/gridphysics/zenpuzzle.txt
59,examples/gridphysics/mirrors.txt
60,examples/gridphysics/donkeykong.txt
61,examples/contphysics/bird.txt
62,examples/contphysics/ptsp.txt
63,examples/gridphysics/waves.txt
64,examples/gridphysics/overload.txt
65,examples/gridphysics/plaqueattack.txt
66,examples/gridphysics/ghostbuster.txt
67,examples/gridphysics/aliens.txt
68,examples/gridphysics/pacoban.txt
69,examples/gridphysics/factorymanager.txt
70,examples/gridphysics/digdug.txt
71,examples/gridphysics/intersection.txt
72,examples/gridphysics/bomber.txt
73,examples/contphysics/arkanoid.txt
74,examples/gridphysics/pokemon.txt
75,examples/gridphysics/sheriff.txt
76,examples/gridphysics/defender.txt
77,examples/gridphysics/brainman.txt
78,examples/gridphysics/chipschallenge.txt
79,examples/gridphysics/chopper.txt
80,examples/gridphysics/firestorms.txt
81,examples/gridphysics/slide.txt
82,examples/contphysics/mario.txt
83,examples/gridphysics/run.txt
84,examples/gridphysics/vortex.txt
85,examples/gridphysics/lasers2.txt
86,examples/gridphysics/portals.txt
87,examples/gridphysics/gymkhana.txt
88,examples/gridphysics/escape.txt
89,examples/gridphysics/defem.txt
90,examples/gridphysics/thesnowman.txt
91,examples/gridphysics/avoidgeorge.txt
92,examples/gridphysics/themole.txt
93,examples/contphysics/racing.txt
94,examples/gridphysics/wrapsokoban.txt
95,examples/gridphysics/thecitadel.txt
96,examples/gridphysics/modality.txt
97,examples/gridphysics/garbagecollector.txt
